"Cod","Titlu","Nivel"
"Secțiunea A","Agricultură, Silvicultură și Pescuit",1
"Diviziunea 01","Agricultura, vânatoare si servicii anexe",2
"Grupa 011","Cultivarea plantelor nepermanente",3
"Cod CAEN 0111","Cultivarea cerealelor (exclusiv orez), plantelor leguminoase si a plantelor producatoare de seminte oleaginoase",4
"Cod CAEN 0112","Cultivarea orezului",4
"Cod CAEN 0113","Cultivarea legumelor si a pepenilor, a radacinoaselor si tuberculilor",4
"Cod CAEN 0114","Cultivarea trestiei de zahar",4
"Cod CAEN 0115","Cultivarea tutunului",4
"Cod CAEN 0116","Cultivarea plantelor pentru fibre textile",4
"Cod CAEN 0119","Cultivarea altor plante din culturi nepermanente",4
"Grupa 012","Cultivarea plantelor din culturi permanente",3
"Cod CAEN 0121","Cultivarea strugurilor",4
"Cod CAEN 0122","Cultivarea fructelor tropicale si subtropicale",4
"Cod CAEN 0123","Cultivarea fructelor citrice",4
"Cod CAEN 0124","Cultivarea fructelor semintoase si sâmburoase",4
"Cod CAEN 0125","Cultivarea fructelor arbustilor fructiferi, capsunilor, nuciferilor si a altor pomi fructiferi",4
"Cod CAEN 0126","Cultivarea fructelor oleaginoase",4
"Cod CAEN 0127","Cultivarea plantelor pentru prepararea bauturilor",4
"Cod CAEN 0128","Cultivarea condimentelor, plantelor aromatice, medicinale si a plantelor de uz farmaceutic",4
"Cod CAEN 0129","Cultivarea altor plante permanente",4
"Grupa 013","Cultivarea plantelor pentru înmultire",3
"Cod CAEN 0130","Cultivarea plantelor pentru înmultire",4
"Grupa 014","Cresterea animalelor",3
"Cod CAEN 0141","Cresterea bovinelor de lapte",4
"Cod CAEN 0142","Cresterea altor bovine",4
"Cod CAEN 0143","Cresterea cailor si a altor cabaline",4
"Cod CAEN 0144","Cresterea camilelor si a camelidelor",4
"Cod CAEN 0145","Cresterea ovinelor si caprinelor",4
"Cod CAEN 0146","Cresterea porcinelor",4
"Cod CAEN 0147","Cresterea pasarilor",4
"Cod CAEN 0149","Cresterea altor animale",4
"Grupa 015","Activitati în ferme mixte (cultura vegetala combinata cu cresterea animalelor)",3
"Cod CAEN 0150","Activitati în ferme mixte (cultura vegetala combinata cu cresterea animalelor)",4
"Grupa 016","Activitati auxiliare agriculturii si activitati dupa recoltare",3
"Cod CAEN 0161","Activitati auxiliare pentru productia vegetala",4
"Cod CAEN 0162","ctivitati auxiliare pentru cresterea animalelor ",4
"Cod CAEN 0163","Activitati dupa recoltare",4
"Cod CAEN 0164","Pregatirea semintelor în vederea însamântarii",4
"Grupa 017","Vânatoare, capturarea cu capcane a vânatului si activitati de servicii anexe vânatorii",3
"Cod CAEN 0170","Vânatoare, capturarea cu capcane a vânatului si activitati de servicii anexe vânatorii",4
"Diviziunea 02","Silvicultura si exploatare forestiera",2
"Grupa 021","Silvicultura si alte activitati forestiere",3
"Cod CAEN 0210","Silvicultura si alte activitati forestiere",4
"Grupa 022","Exploatarea forestiera",3
"Cod CAEN 0220","Exploatarea forestiera",4
"Grupa 023","Colectarea produselor forestiere nelemnoase din flora spontana",3
"Cod CAEN 0230","Colectarea plantelor si fructelor din flora spontana (excl. material lemnos)",4
"Grupa 024","Activitati de servicii anexe silviculturii",3
"Cod CAEN 0240","Activitati de servicii anexe silviculturii",4
"Diviziunea 03","Pescuitul si acvacultura",2
"Grupa 031","Pescuitul",3
"Cod CAEN 0311","Pescuitul maritim",4
"Cod CAEN 0312","Pescuitul în ape dulci",4
"Grupa 032","Acvacultura",3
"Cod CAEN 0321","Acvacultura maritima",4
"Cod CAEN 0322","Acvacultura în ape dulci",4
"Secțiunea B","Industria extractivă",1
"Diviziunea 05","Extractia carbunelui superior si inferior",2
"Grupa 051","Extractia carbunelui superior (PCS=>23865 kJ/kg)",3
"Cod CAEN 0510","Extractia carbunelui superior (PCS=>23865 kJ/kg)",4
"Grupa 052","Extractia carbunelui inferior (PCS<23865 kJ/kg)",3
"Cod CAEN 0520","Extractia carbunelui inferior (PCS<23865 kJ/kg)",4
"Diviziunea 06","Extractia petrolului brut si a gazelor naturale",2
"Grupa 061","Extractia petrolului brut",3
"Cod CAEN 0610","Extractia petrolului brut",4
"Grupa 062","Extractia gazelor naturale",3
"Cod CAEN 0620","Extractia gazelor naturale",4
"Diviziunea 07","Extractia minereurilor metalifere",2
"Grupa 071","Extractia minereurilor feroase",3
"Cod CAEN 0710","Extractia minereurilor feroase",4
"Grupa 072","Extractia minereurilor metalifere neferoase",3
"Cod CAEN 0721","Extractia minereurilor de uraniu si toriu",4
"Cod CAEN 0729","Extractia altor minereuri metalifere neferoase",4
"Diviziunea 08","Alte activitati extractive",2
"Grupa 081","Extractia pietrei, nisipului si argilei",3
"Cod CAEN 0811","Extractia pietrei ornamentale si a pietrei pentru constructii, extractia pietrei calcaroase, ghipsului, cretei si a ardeziei",4
"Cod CAEN 0812","Extractia pietrisului si nisipului; extractia argilei si caolinului",4
"Grupa 089","Alte activitati extractive n.c.a.",3
"Cod CAEN 0891","Extractia mineralelor pentru industria chimica si a îngrasamintelor naturale",4
"Cod CAEN 0892","Extractia si aglomerarea turbei",4
"Cod CAEN 0893","Extractia sarii",4
"Cod CAEN 0899","Alte activitati extractive n.c.a.",4
"Diviziunea 09","Activitati de servicii anexe extractiei",2
"Grupa 091","Activitati de servicii anexe extractiei petrolului brut si gazelor naturale",3
"Cod CAEN 0910","Activitati de servicii anexe extractiei petrolului brut si gazelor naturale",4
"Grupa 099","Activitati de servicii anexe pentru extractia mineralelor",3
"Cod CAEN 0990","Activitati de servicii anexe pentru extractia mineralelor",4
"Secțiunea C","Industria prelucrătoare",1
"Diviziunea 10","Industria alimentara",2
"Grupa 101","Productia, prelucrarea si conservarea carnii si a produselor din carne",3
"Cod CAEN 1011","Prelucrarea si conservarea carnii",4
"Cod CAEN 1012","Prelucrarea si conservarea carnii de pasare",4
"Cod CAEN 1013","Fabricarea produselor din carne (inclusiv din carne de pasare)",4
"Grupa 102","Prelucrarea si conservarea pestelui, crustaceelor si molustelor",3
"Cod CAEN 1020","Prelucrarea si conservarea pestelui, crustaceelor si molustelor",4
"Grupa 103","Prelucrarea si conservarea fructelor si legumelor",3
"Cod CAEN 1031","Prelucrarea si conservarea cartofilor",4
"Cod CAEN 1032","Fabricarea sucurilor de fructe si legume",4
"Cod CAEN 1039","Prelucrarea si conservarea fructelor si legumelor n.c.a.",4
"Grupa 104","Fabricarea uleiurilor si a grasimilor vegetale si animale",3
"Cod CAEN 1041","Fabricarea uleiurilor si grasimilor",4
"Cod CAEN 1042","Fabricarea margarinei si a altor produse comestibile similare",4
"Grupa 105","Fabricarea produselor lactate",3
"Cod CAEN 1051","Fabricarea produselor lactate si a brânzeturilor",4
"Cod CAEN 1052","Fabricarea înghetatei",4
"Grupa 106","Fabricarea produselor de morarit, a amidonului si produsele din amidon",3
"Cod CAEN 1061","Fabricarea produselor de morarit",4
"Cod CAEN 1062","Fabricarea amidonului si a produselor din amidon",4
"Grupa 107","Fabricarea produselor de brutarie si a produselor fainoase",3
"Cod CAEN 1071","Fabricarea pâinii; fabricarea prajiturilor si a produselor proaspete de patiserie",4
"Cod CAEN 1072","Fabricarea biscuitilor si piscoturilor; fabricarea prajiturilor si a produselor conservate de patiserie",4
"Cod CAEN 1073","Fabricarea macaroanelor, taiteilor, cus-cus-ului si a altor produse fainoase similare",4
"Grupa 108","Fabricarea altor produse alimentare",3
"Cod CAEN 1081","Fabricarea zaharului",4
"Cod CAEN 1082","Fabricarea produselor din cacao, a ciocolatei si a produselor zaharoase",4
"Cod CAEN 1083","Prelucrarea ceaiului si cafelei",4
"Cod CAEN 1084","Fabricarea condimentelor si ingredientelor",4
"Cod CAEN 1085","Fabricarea de mâncaruri preparate",4
"Cod CAEN 1086","Fabricarea preparatelor alimentare omogenizate si alimentelor dietetice",4
"Cod CAEN 1089","Fabricarea altor produse alimentare n.c.a.",4
"Grupa 109","Fabricarea preparatelor pentru hrana animalelor",3
"Cod CAEN 1091","Fabricarea preparatelor pentru hrana animalelor de ferma",4
"Cod CAEN 1092","Fabricarea preparatelor pentru hrana animalelor de companie",4
"Diviziunea 11","Fabricarea bauturilor",2
"Grupa 110","Fabricarea bauturilor",3
"Cod CAEN 1101","Distilarea, rafinarea si mixarea bauturilor alcoolice",4
"Cod CAEN 1102","Fabricarea vinurilor din struguri",4
"Cod CAEN 1103","Fabricarea cidrului si a altor vinuri din fructe",4
"Cod CAEN 1104","Fabricarea altor bauturi nedistilate, obtinute prin fermentare",4
"Cod CAEN 1105","Fabricarea berii",4
"Cod CAEN 1106","Fabricarea maltului",4
"Cod CAEN 1107","Productia de bauturi racoritoare nealcoolice; productia de ape minerale si alte ape îmbuteliate",4
"Diviziunea 12","Fabricarea produselor din tutun",2
"Grupa 120","Fabricarea produselor din tutun",3
"Cod CAEN 1200","Fabricarea produselor din tutun",4
"Diviziunea 13","Fabricarea produselor textile",2
"Grupa 131","Pregatirea fibrelor si filarea fibrelor textile",3
"Cod CAEN 1310","Pregatirea fibrelor si filarea fibrelor textile",4
"Grupa 132","Productia de tesaturi",3
"Cod CAEN 1320","Productia de tesaturi",4
"Grupa 133","Finisarea materialelor textile",3
"Cod CAEN 1330","Finisarea materialelor textile",4
"Grupa 139","Fabricarea altor articole textile",3
"Cod CAEN 1391","Fabricarea de metraje prin tricotare sau crosetare",4
"Cod CAEN 1392","Fabricarea de articole confectionate din textile (cu exceptia îmbracamintei si lenjeriei de corp)",4
"Cod CAEN 1393","Fabricarea de covoare si mochete",4
"Cod CAEN 1394","Fabricarea de odgoane, frânghii, sfori si plase",4
"Cod CAEN 1395","Fabricarea de textile netesute si articole din acestea, cu exceptia confectiilor de îmbracaminte",4
"Cod CAEN 1396","Fabricarea de articole tehnice si industriale din textile",4
"Cod CAEN 1399","Fabricarea altor articole textile n.c.a.",4
"Diviziunea 14","Fabricarea articolelor de îmbracaminte",2
"Grupa 141","Fabricarea articolelor de îmbracaminte, cu exceptia articolelor din blana",3
"Cod CAEN 1411","Fabricarea articolelor de îmbracaminte din piele",4
"Cod CAEN 1412","Fabricarea articolelor de îmbracaminte pentru lucru",4
"Cod CAEN 1413","Fabricarea altor articole de îmbracaminte (exclusiv lenjeria de corp)",4
"Cod CAEN 1414","Fabricarea de articole de lenjerie de corp",4
"Cod CAEN 1419","Fabricarea altor articole de îmbracaminte si accesorii n.c.a.",4
"Grupa 142","Fabricarea articolelor din blana",3
"Cod CAEN 1420","Fabricarea articolelor din blana",4
"Grupa 143","Fabricarea articolelor de îmbracaminte prin tricotare sau crosetare",3
"Cod CAEN 1431","Fabricarea prin tricotare sau crosetare a ciorapilor si articolelor de galanterie",4
"Cod CAEN 1439","Fabricarea prin tricotare sau crosetare a altor articole de îmbracaminte",4
"Diviziunea 15","Tabacirea si finisarea pieilor; fabricarea articolelor de voiaj si marochinarie, harnasamentelor si încaltamintei; prepararea si vopsirea blanurilor",2
"Grupa 151","Tabacirea si finisarea pieilor, fabricarea articolelor de voiaj si marochinarie si a articolelor de harnasament; prepararea si vopsirea blanurilor",3
"Cod CAEN 1511","Tabacirea si finisarea pieilor; prepararea si vopsirea blanurilor",4
"Cod CAEN 1512","Fabricarea articolelor de voiaj si marochinarie si a articolelor de harnasament",4
"Grupa 152","Fabricarea încaltamintei",3
"Cod CAEN 1520","Fabricarea încaltamintei",4
"Diviziunea 16","Prelucrarea lemnului, fabricarea produselor din lemn si pluta, cu exceptia mobilei; fabricarea articolelor din paie si din alte materiale vegetale împletite",2
"Grupa 161","Taierea si rindeluirea lemnului",3
"Cod CAEN 1610","Taierea si rindeluirea lemnului",4
"Grupa 162","Fabricarea produselor din lemn, pluta, paie si din alte materiale vegetale",3
"Cod CAEN 1621","Fabricarea de furnire si a panourilor de lemn",4
"Cod CAEN 1622","Fabricarea parchetului asamblat în panouri",4
"Cod CAEN 1623","Fabricarea altor elemente de dulgherie si tâmplarie, pentru constructii",4
"Cod CAEN 1624","Fabricarea ambalajelor din lemn",4
"Cod CAEN 1629","Fabricarea altor produse din lemn; fabricarea articolelor din pluta, paie si din alte materiale vegetale împletite",4
"Diviziunea 17","Fabricarea hârtiei si a produselor din hârtie",2
"Grupa 171","Fabricarea celulozei, hârtiei si cartonului",3
"Cod CAEN 1711","Fabricarea celulozei",4
"Cod CAEN 1712","Fabricarea hârtiei si cartonului",4
"Grupa 172","Fabricarea articolelor din hârtie si carton",3
"Cod CAEN 1721","Fabricarea hârtiei si cartonului ondulat si a ambalajelor din hârtie si carton",4
"Cod CAEN 1722","Fabricarea produselor de uz gospodaresc si sanitar, din hârtie sau carton",4
"Cod CAEN 1723","Fabricarea articolelor de papetarie",4
"Cod CAEN 1724","Fabricarea tapetului",4
"Cod CAEN 1729","Fabricarea altor articole din hârtie si carton n.c.a.",4
"Diviziunea 18","Tiparire si reproducerea pe suporti a înregistrarilor",2
"Grupa 181","Tiparire si activitati de servicii conexe tiparirii",3
"Cod CAEN 1811","Tiparirea ziarelor",4
"Cod CAEN 1812","Alte activitati de tiparire n.c.a.",4
"Cod CAEN 1813","Servicii pregatitoare pentru pretiparire",4
"Cod CAEN 1814","Legatorie si servicii conexe",4
"Grupa 182","Reproducerea înregistrarilor",3
"Cod CAEN 1820","Reproducerea înregistrarilor",4
"Diviziunea 19","Fabricarea produselor de cocserie si a produselor obtinute din prelucrarea titeiului",2
"Grupa 191","Fabricarea produselor de cocserie",3
"Cod CAEN 1910","Fabricarea produselor de cocserie",4
"Grupa 192","Fabricarea produselor obtinute din prelucrarea titeiului",3
"Cod CAEN 1920","Fabricarea produselor obtinute din prelucrarea titeiului",4
"Diviziunea 20","Fabricarea substantelor si a produselor chimice",2
"Grupa 201","Fabricarea produselor chimice de baza, a îngrasamintelor si produselor azotoase; fabricarea materialelor plastice si a cauciucului sintetic, în forme primare",3
"Cod CAEN 2011","Fabricarea gazelor industriale",4
"Cod CAEN 2012","Fabricarea colorantilor si a pigmentilor",4
"Cod CAEN 2013","Fabricarea altor produse chimice anorganice, de baza",4
"Cod CAEN 2014","Fabricarea altor produse chimice organice, de baza",4
"Cod CAEN 2015","Fabricarea îngrasamintelor si produselor azotoase",4
"Cod CAEN 2016","Fabricarea materialelor plastice în forme primare",4
"Cod CAEN 2017","Fabricarea cauciucului sintetic în forme primare",4
"Grupa 202","Fabricarea pesticidelor si a altor produse agrochimice",3
"Cod CAEN 2020","Fabricarea pesticidelor si a altor produse agrochimice",4
"Grupa 203","Fabricarea vopselelor, lacurilor, cernelii tipografice si masticurilor",3
"Cod CAEN 2030","Fabricarea vopselelor, lacurilor, cernelii tipografice si masticurilor",4
"Grupa 204","Fabricarea sapunurilor, detergentilor si a produselor de întretinere, cosmetice si de parfumerie",3
"Cod CAEN 2041","Fabricarea sapunurilor, detergentilor si a produselor de întretinere",4
"Cod CAEN 2042","Fabricarea parfumurilor si a produselor cosmetice (de toaleta)",4
"Grupa 205","Fabricarea altor produse chimice",3
"Cod CAEN 2051","Fabricarea explozivilor",4
"Cod CAEN 2052","Fabricarea cleiurilor",4
"Cod CAEN 2053","Fabricarea uleiurilor esentiale",4
"Cod CAEN 2059","Fabricarea altor produse chimice n.c.a.",4
"Grupa 206","Fabricarea fibrelor sintetice si artificiale",3
"Cod CAEN 2060","Fabricarea fibrelor sintetice si artificiale",4
"Diviziunea 21","Fabricarea produselor farmaceutice de baza si a preparatelor farmaceutice",2
"Grupa 211","Fabricarea produselor farmaceutice de baza",3
"Cod CAEN 2110","Fabricarea produselor farmaceutice de baza",4
"Grupa 212","Fabricarea preparatelor farmaceutice",3
"Cod CAEN 2120","Fabricarea preparatelor farmaceutice",4
"Diviziunea 22","Fabricarea produselor din cauciuc si mase plastice",2
"Grupa 221","Fabricarea articolelor din cauciuc",3
"Cod CAEN 2211","Fabricarea anvelopelor si a camerelor de aer; resaparea si refacerea anvelopelor",4
"Cod CAEN 2219","Fabricarea altor produse din cauciuc",4
"Grupa 222","Fabricarea articolelor din material plastic",3
"Cod CAEN 2221","Fabricarea placilor, foliilor, tuburilor si profilelor din material plastic",4
"Cod CAEN 2222","Fabricarea articolelor de ambalaj din material plastic",4
"Cod CAEN 2223","Fabricarea articolelor din material plastic pentru constructii",4
"Cod CAEN 2229","Fabricarea altor produse din material plastic",4
"Diviziunea 23","Fabricarea altor produse din minerale nemetalice",2
"Grupa 231","Fabricarea sticlei si a articolelor din sticla",3
"Cod CAEN 2311","Fabricarea sticlei plate",4
"Cod CAEN 2312","Prelucrarea si fasonarea sticlei plate",4
"Cod CAEN 2313","Fabricarea articolelor din sticla",4
"Cod CAEN 2314","Fabricarea fibrelor din sticla",4
"Cod CAEN 2319","Fabricarea de sticlarie tehnica",4
"Grupa 232","Fabricarea de produse refractare",3
"Cod CAEN 2320","Fabricarea de produse refractare",4
"Grupa 233","Fabricarea materialelor de constructii din argila",3
"Cod CAEN 2331","Fabricarea placilor si dalelor din ceramica",4
"Cod CAEN 2332","Fabricarea caramizilor, tiglelor si a altor produse pentru constructii, din argila arsa",4
"Grupa 234","Fabricarea altor articole din ceramica si portelan",3
"Cod CAEN 2341","Fabricarea articolelor ceramice pentru uz gospodaresc si ornamental",4
"Cod CAEN 2342","Fabricarea de obiecte sanitare din ceramica",4
"Cod CAEN 2343","Fabricarea izolatorilor si pieselor izolante din ceramica",4
"Cod CAEN 2344","Fabricarea altor produse tehnice din ceramica",4
"Cod CAEN 2349","Fabricarea altor produse ceramice n.c.a.",4
"Grupa 235","Fabricarea cimentului, varului si ipsosului",3
"Cod CAEN 2351","Fabricarea cimentului",4
"Cod CAEN 2352","Fabricarea varului si ipsosului",4
"Grupa 236","Fabricarea articolelor din beton, ciment si ipsos",3
"Cod CAEN 2361","Fabricarea produselor din beton pentru constructii",4
"Cod CAEN 2362","Fabricarea produselor din ipsos pentru constructii",4
"Cod CAEN 2363","Fabricarea betonului",4
"Cod CAEN 2364","Fabricarea mortarului",4
"Cod CAEN 2365","Fabricarea produselor din azbociment",4
"Cod CAEN 2369","Fabricarea altor articole din beton, ciment si ipsos",4
"Grupa 237","Taierea, fasonarea si finisarea pietrei",3
"Cod CAEN 2370","Taierea, fasonarea si finisarea pietrei",4
"Grupa 239","Fabricarea altor produse din minerale nemetalice",3
"Cod CAEN 2391","Fabricarea de produse abrazive",4
"Cod CAEN 2399","Fabricarea altor produse din minerale nemetalice, n.c.a.",4
"Diviziunea 24","Industria metalurgica",2
"Grupa 241","Productia de metale feroase sub forme primare si de feroaliaje",3
"Cod CAEN 2410","Productia de metale feroase sub forme primare si de feroaliaje",4
"Grupa 242","Productia de tuburi, tevi, profile tubulare si accesorii pentru acestea, din otel",3
"Cod CAEN 2420","Productia de tuburi, tevi, profile tubulare si accesorii pentru acestea, din otel",4
"Grupa 243","Fabricarea altor produse prin prelucrarea primara a otelului",3
"Cod CAEN 2431","Tragere la rece a barelor",4
"Cod CAEN 2432","Laminare la rece a benzilor înguste",4
"Cod CAEN 2433","Productia de profile obtinute la rece",4
"Cod CAEN 2434","Trefilarea firelor la rece",4
"Grupa 244","Productia metalelor pretioase si a altor metale neferoase",3
"Cod CAEN 2441","Productia metalelor pretioase",4
"Cod CAEN 2442","Metalurgia aluminiului",4
"Cod CAEN 2443","Productia plumbului, zincului si cositorului",4
"Cod CAEN 2444","Metalurgia cuprului",4
"Cod CAEN 2445","Productia altor metale neferoase",4
"Cod CAEN 2446","Prelucrarea combustibililor nucleari",4
"Grupa 245","Turnarea metalelor",3
"Cod CAEN 2451","Turnarea fontei",4
"Cod CAEN 2452","Turnarea otelului",4
"Cod CAEN 2453","Turnarea metalelor neferoase usoare",4
"Cod CAEN 2454","Turnarea altor metale neferoase",4
"Diviziunea 25","Industria constructiilor metalice si a produselor din metal, exclusiv masini, utilaje . si instalatii",2
"Grupa 251","Fabricarea de constructii metalice",3
"Cod CAEN 2511","Fabricarea de constructii metalice si parti componente ale structurilor metalice",4
"Cod CAEN 2512","Fabricarea de usi si ferestre din metal",4
"Grupa 252","Productia de rezervoare, cisterne si containere metalice; productia de radiatoare si . . . . . cazane pentru încalzire centrala",3
"Cod CAEN 2521","Productia de radiatoare si cazane pentru încalzire centrala",4
"Cod CAEN 2529","Productia de rezervoare, cisterne si containere metalice",4
"Grupa 253","Productia generatoarelor de aburi (cu exceptia cazanelor pentru încalzire centrala)",3
"Cod CAEN 2530","Productia generatoarelor de aburi (cu exceptia cazanelor pentru încalzire centrala)",4
"Grupa 254","Fabricarea armamentului si munitiei",3
"Cod CAEN 2540","Fabricarea armamentului si munitiei",4
"Grupa 255","Fabricarea produselor metalice obtinute prin deformare plastica; metalurgia pulberilor",3
"Cod CAEN 2550","Fabricarea produselor metalice obtinute prin deformare plastica; metalurgia pulberilor",4
"Grupa 256","Tratarea si acoperirea metalelor; operatiuni de mecanica generala pe baza de plata sau contract",3
"Cod CAEN 2561","Tratarea si acoperirea metalelor",4
"Cod CAEN 2562","Operatiuni de mecanica generala",4
"Grupa 257","Productia de unelte si articole de fierarie",3
"Cod CAEN 2571","Fabricarea produselor de taiat",4
"Cod CAEN 2572","Fabricarea articolelor de feronerie",4
"Cod CAEN 2573","Fabricarea uneltelor",4
"Grupa 259","Fabricarea altor produse prelucrate din metal",3
"Cod CAEN 2591","Fabricarea de recipiente, containere si alte produse similare din otel",4
"Cod CAEN 2592","Fabricarea ambalajelor usoare din metal",4
"Cod CAEN 2593","Fabricarea articolelor din fire metalice; fabricarea de lanturi si arcuri",4
"Cod CAEN 2594","Fabricarea de suruburi, buloane si alte articole filetate; fabricarea de nituri si saibe",4
"Cod CAEN 2599","Fabricarea altor articole din metal n.c.a.",4
"Diviziunea 26","Fabricarea calculatoarelor si a produselor electronice si optice",2
"Grupa 261","Fabricarea componentelor electronice",3
"Cod CAEN 2611","Fabricarea subansamblurilor electronice (module)",4
"Cod CAEN 2612","Fabricarea altor componente electronice",4
"Grupa 262","Fabricarea calculatoarelor si a echipamentelor periferice",3
"Cod CAEN 2620","Fabricarea calculatoarelor si a echipamentelor periferice",4
"Grupa 263","Fabricarea echipamentelor de comunicatii",3
"Cod CAEN 2630","Fabricarea echipamentelor de comunicatii",4
"Grupa 264","Fabricarea produselor electronice de larg consum",3
"Cod CAEN 2640","Fabricarea produselor electronice de larg consum",4
"Grupa 265","Fabricarea de echipamente de masura, verificare, control si navigatie",3
"Cod CAEN 2651","Fabricarea de instrumente si dispozitive pentru masura, verificare, control, navigatie",4
"Cod CAEN 2652","Productia de ceasuri",4
"Grupa 266","Fabricarea de echipamente pentru radiologie, electrodiagnostic si electroterapie",3
"Cod CAEN 2660","Fabricarea de echipamente pentru radiologie, electrodiagnostic si electroterapie",4
"Grupa 267","Fabricarea de instrumente optice si echipamente fotografice",3
"Cod CAEN 2670","Fabricarea de instrumente optice si echipamente fotografice",4
"Grupa 268","Fabricarea suportilor magnetici si optici destinati înregistrarilor",3
"Cod CAEN 2680","Fabricarea suportilor magnetici si optici destinati înregistrarilor",4
"Diviziunea 27","Fabricarea echipamentelor electrice",2
"Grupa 271","Fabricarea motoarelor electrice, generatoarelor si transformatoarelor electrice si a aparatelor de control si de distributie a electricitatii",3
"Cod CAEN 2711","Fabricarea motoarelor, generatoarelor si transformatoarelor electrice si a aparatelor de distributie si control a electricitatii",4
"Cod CAEN 2712","Fabricarea aparatelor de control si distributie a electricitatii",4
"Grupa 272","Fabricarea de acumulatori si baterii",3
"Cod CAEN 2720","Fabricarea de acumulatori si baterii",4
"Grupa 273","Fabricarea de fire si cabluri; fabricarea dispozitivelor de conexiune pentru acestea",3
"Cod CAEN 2731","Fabricarea de cabluri cu fibra optica",4
"Cod CAEN 2732","Fabricarea altor fire si cabluri electrice si electrocasnice",4
"Cod CAEN 2733","Fabricarea dispozitivelor de conexiune pentru fire si cabluri electrice si electronice",4
"Grupa 274","Fabricarea de echipamente electrice de iluminat",3
"Cod CAEN 2740","Fabricarea de echipamente electrice de iluminat",4
"Grupa 275","Fabricarea de echipamente casnice",3
"Cod CAEN 2751","Fabricarea de aparate electrocasnice",4
"Cod CAEN 2752","Fabricarea de echipamente casnice neelectrice",4
"Grupa 279","Fabricarea altor echipamente electrice",3
"Cod CAEN 2790","Fabricarea altor echipamente electrice",4
"Diviziunea 28","Fabricarea de masini, utilaje si echipamente n.c.a.",2
"Grupa 281","Fabricarea de masini si utilaje de utilizare generala",3
"Cod CAEN 2811","Fabricarea de motoare si turbine (cu exceptia celor pentru avioane, autovehicule si motociclete)",4
"Cod CAEN 2812","Fabricarea de motoare hidraulice",4
"Cod CAEN 2813","Fabricarea de pompe si compresoare",4
"Cod CAEN 2814","Fabricarea de articole de robinetarie",4
"Cod CAEN 2815","Fabricarea lagarelor, angrenajelor, cutiilor de viteza si a elementelor mecanice de transmisie",4
"Grupa 282","Fabricarea altor masini si utilaje de utilizare generala",3
"Cod CAEN 2821","Fabricarea cuptoarelor, furnalelor si arzatoarelor",4
"Cod CAEN 2822","Fabricarea echipamentelor de ridicat si manipulat",4
"Cod CAEN 2823","Fabricarea masinilor si echipamentelor de birou (exclusiv fabricarea calculatoarelor si a echipamentelor periferice)",4
"Cod CAEN 2824","Fabricarea masinilor-unelte portabile actionate electric",4
"Cod CAEN 2825","Fabricarea echipamentelor de ventilatie si frigorifice, exclusiv a echipamentelor de uz casnic",4
"Cod CAEN 2829","Fabricarea altor masini si utilaje de utilizare generala n.c.a.",4
"Grupa 283","Fabricarea masinilor si utilajelor pentru agricultura si exploatari forestiere",3
"Cod CAEN 2830","Fabricarea masinilor si utilajelor pentru agricultura si exploatari forestiere",4
"Grupa 284","Fabricarea utilajelor pentru prelucrarea metalului si masinilor-unelte",3
"Cod CAEN 2841","Fabricarea utilajelor si a masinilor-unelte pentru prelucrarea metalului",4
"Cod CAEN 2849","Fabricarea altor masini-unelte n.c.a.",4
"Grupa 289","Fabricarea altor masini si utilaje cu destinatie specifica",3
"Cod CAEN 2891","Fabricarea utilajelor pentru metalurgie",4
"Cod CAEN 2892","Fabricarea utilajelor pentru extractie si constructii",4
"Cod CAEN 2893","Fabricarea utilajelor pentru prelucrarea produselor alimentare, bauturilor si tutunului",4
"Cod CAEN 2894","Fabricarea utilajelor pentru industria textila, a îmbracamintei si a pielariei",4
"Cod CAEN 2895","Fabricarea utilajelor pentru industria hârtiei si cartonului",4
"Cod CAEN 2896","Fabricarea utilajelor pentru prelucrarea maselor plastice si a cauciucului",4
"Cod CAEN 2899","Fabricarea altor masini si utilaje specifice n.c.a.",4
"Diviziunea 29","Fabricarea autovehiculelor de transport rutier, a remorcilor si semiremorcilor",2
"Grupa 291","Fabricarea autovehiculelor de transport rutier",3
"Cod CAEN 2910","Fabricarea autovehiculelor de transport rutier",4
"Grupa 292","Productia de caroserii pentru autovehicule; fabricarea de remorci si semiremorci",3
"Cod CAEN 2920","Productia de caroserii pentru autovehicule; fabricarea de remorci si semiremorci",4
"Grupa 293","Productia de piese si accesorii pentru autovehicule si pentru motoare de autovehicule",3
"Cod CAEN 2931","Fabricarea de echipamente electrice si electronice pentru autovehicule si pentru motoare de autovehicule",4
"Cod CAEN 2932","Fabricarea altor piese si accesorii pentru autovehicule si pentru motoare de autovehicule",4
"Diviziunea 30","Fabricarea altor mijloace de transport",2
"Grupa 301","Constructia de nave si barci",3
"Cod CAEN 3011","Constructia de nave si structuri plutitoare",4
"Cod CAEN 3012","onstructia de ambarcatiuni sportive si de agrement ",4
"Grupa 302","Fabricarea materialului rulant",3
"Cod CAEN 3020","Fabricarea materialului rulant",4
"Grupa 303","Fabricarea de aeronave si nave spatiale",3
"Cod CAEN 3030","Fabricarea de aeronave si nave spatiale",4
"Grupa 304","Fabricarea vehiculelor militare de lupta",3
"Cod CAEN 3040","Fabricarea vehiculelor militare de lupta",4
"Grupa 309","Fabricarea altor echipamente de transport n.c.a.",3
"Cod CAEN 3091","Fabricarea de motociclete",4
"Cod CAEN 3092","Fabricarea de biciclete si de vehicule pentru invalizi",4
"Cod CAEN 3099","Fabricarea altor mijloace de transport n.c.a.",4
"Diviziunea 31","Fabricarea de mobila",2
"Grupa 310","Fabricarea de mobila",3
"Cod CAEN 3101","Fabricarea de mobila pentru birouri si magazine",4
"Cod CAEN 3102","Fabricarea de mobila pentru bucatarii",4
"Cod CAEN 3103","Fabricarea de saltele si somiere",4
"Cod CAEN 3109","Fabricarea de mobila n.c.a.",4
"Diviziunea 32","Alte activitati industriale n.c.a.",2
"Grupa 321","Fabricarea bijuteriilor, imitatiilor de bijuterii si articolelor similare",3
"Cod CAEN 3211","Baterea monedelor",4
"Cod CAEN 3212","Fabricarea bijuteriilor si articolelor similare din metale si pietre pretioase",4
"Cod CAEN 3213","Fabricarea imitatiilor de bijuterii si articole similare",4
"Grupa 322","Fabricarea instrumentelor muzicale",3
"Cod CAEN 3220","Fabricarea instrumentelor muzicale",4
"Grupa 323","Fabricarea articolelor pentru sport",3
"Cod CAEN 3230","Fabricarea articolelor pentru sport",4
"Grupa 324","Fabricarea jocurilor si jucariilor",3
"Cod CAEN 3240","Fabricarea jocurilor si jucariilor",4
"Grupa 325","Productia de dispozitive, aparate si instrumente medicale si stomatologice",3
"Cod CAEN 3250","Productia de dispozitive, aparate si instrumente medicale si stomatologice",4
"Grupa 329","Alte activitati industriale",3
"Cod CAEN 3291","Fabricarea maturilor si periilor",4
"Cod CAEN 3299","Fabricarea altor produse manufacturiere n.c.a.",4
"Diviziunea 33","Repararea, întretinerea si instalarea masinilor si echipamentelor",2
"Grupa 331","Repararea articolelor fabricate din metal, repararea masinilor si echipamentelor",3
"Cod CAEN 3311","Repararea articolelor fabricate din metal",4
"Cod CAEN 3312","Repararea masinilor",4
"Cod CAEN 3313","Repararea echipamentelor electronice si optice",4
"Cod CAEN 3314","Repararea echipamentelor electrice",4
"Cod CAEN 3315","Repararea si întretinerea navelor si barcilor",4
"Cod CAEN 3316","Repararea si întretinerea aeronavelor si navelor spatiale",4
"Cod CAEN 3317","Repararea si întretinerea altor echipamente de transport n.c.a.",4
"Cod CAEN 3319","Repararea altor echipamente",4
"Grupa 332","Instalarea masinilor si echipamentelor industriale",3
"Cod CAEN 3320","Instalarea masinilor si echipamentelor industriale",4
"Secțiunea D","Producția și furnizarea de energie electrică și termică, Gaze, Apă caldă și Aer condiționat",1
"Diviziunea 35","Productia si furnizarea de energie electrica si termica, gaze, apa calda si aer conditionat",2
"Grupa 351","Productia, transportul si distributia energiei electrice",3
"Cod CAEN 3511","Productia de energie electrica",4
"Cod CAEN 3512","Transportul energiei electrice",4
"Cod CAEN 3513","Distributia energiei electrice",4
"Cod CAEN 3514","Comercializarea energiei electrice",4
"Grupa 352","Productia gazelor; distributia combustibililor gazosi prin conducte",3
"Cod CAEN 3521","Productia gazelor",4
"Cod CAEN 3522","Distributia combustibililor gazosi, prin conducte",4
"Cod CAEN 3523","Comercializarea combustibililor gazosi, prin conducte",4
"Grupa 353","Furnizarea de abur si aer conditionat",3
"Cod CAEN 3530","Furnizarea de abur si aer conditionat",4
"Secțiunea E","Distribuția apei, Salubritate, Gestionarea deșeurilor, Activități de decontaminare a terenurilor",1
"Diviziunea 36","Captarea, tratarea si distributia apei",2
"Grupa 360","Captarea, tratarea si distributia apei",3
"Cod CAEN 3600","Captarea, tratarea si distributia apei",4
"Diviziunea 37","Colectarea si epurarea apelor uzate",2
"Grupa 370","Colectarea si epurarea apelor uzate",3
"Cod CAEN 3700","Colectarea si epurarea apelor uzate",4
"Diviziunea 38","Colectarea, tratarea si eliminarea deseurilor; activitati de recuperare a materialelor reciclabile",2
"Grupa 381","Colectarea deseurilor",3
"Cod CAEN 3811","Colectarea deseurilor nepericuloase",4
"Cod CAEN 3812","Colectarea deseurilor periculoase",4
"Grupa 382","Tratarea si eliminarea deseurilor",3
"Cod CAEN 3821","Tratarea si eliminarea deseurilor nepericuloase",4
"Cod CAEN 3822","Tratarea si eliminarea deseurilor periculoase",4
"Grupa 383","Recuperarea materialelor reciclabile",3
"Cod CAEN 3831","Demontarea (dezasamblarea) masinilor si echipamentelor scoase din uz pentru recuperarea materialelor",4
"Cod CAEN 3832","Recuperarea materialelor reciclabile sortate",4
"Diviziunea 39","Activitati si servicii de decontaminare",2
"Grupa 390","Activitati si servicii de decontaminare",3
"Cod CAEN 3900","Activitati si servicii de decontaminare",4
"Secțiunea F","Construcții",1
"Diviziunea 41","Constructii de cladiri",2
"Grupa 411","Dezvoltare (promovare) imobiliara",3
"Cod CAEN 4110","Dezvoltare (promovare) imobiliara",4
"Grupa 412","Lucrari de constructie a cladirilor rezidentiale si nerezidentiale",3
"Cod CAEN 4120","Lucrari de constructie a cladirilor rezidentiale si nerezidentiale",4
"Diviziunea 42","Lucrari de geniu civil",2
"Grupa 421","Lucrari de constructii a drumurilor si a cailor ferate",3
"Cod CAEN 4211","Lucrari de constructii a drumurilor si autostrazilor",4
"Cod CAEN 4212","Lucrari de constructii a cailor ferate de suprafata si subterane",4
"Cod CAEN 4213","Constructia de poduri si tuneluri",4
"Grupa 422","Lucrari de constructie a proiectelor utilitare",3
"Cod CAEN 4221","Lucrari de constructie a proiectelor utilitare pentru fluide",4
"Cod CAEN 4222","Lucrari de constructie a proiectelor utilitare pentru electricitate si telecomunicatii",4
"Grupa 429","Lucrari de constructii a altor proiecte ingineresti",3
"Cod CAEN 4291","Constructii hidrotehnice",4
"Cod CAEN 4299","Lucrari de constructii a altor proiecte ingineresti n.c.a",4
"Diviziunea 43","Lucrari speciale de constructii",2
"Grupa 431","Lucrari de demolare si de pregatire a terenului",3
"Cod CAEN 4311","Lucrari de demolare a constructiilor",4
"Cod CAEN 4312","Lucrari de pregatire a terenului",4
"Cod CAEN 4313","Lucrari de foraj si sondaj pentru constructii",4
"Grupa 432","Lucrari de instalatii electrice si tehnico- sanitare si alte lucrari de instalatii pentru constructii",3
"Cod CAEN 4321","Lucrari de instalatii electrice",4
"Cod CAEN 4322","Lucrari de instalatii sanitare, de încalzire si de aer conditionat",4
"Cod CAEN 4329","Alte lucrari de instalatii pentru constructii",4
"Grupa 433","Lucrari de finisare",3
"Cod CAEN 4331","Lucrari de ipsoserie",4
"Cod CAEN 4332","Lucrari de tâmplarie si dulgherie",4
"Cod CAEN 4333","Lucrari de pardosire si placare a peretilor",4
"Cod CAEN 4334","Lucrari de vopsitorie, zugraveli si montari de geamuri",4
"Cod CAEN 4339","Alte lucrari de finisare",4
"Grupa 439","Alte lucrari speciale de constructii",3
"Cod CAEN 4391","Lucrari de învelitori, sarpante si terase la constructii",4
"Cod CAEN 4399","Alte lucrari speciale de constructii n.c.a.",4
"Secțiunea G","Comerț cu ridicata și cu amănuntul, Repararea autovehiculelor și motocicletelor",1
"Diviziunea 45","Comert cu ridicata si cu amanuntul, întretinerea si repararea autovehiculelor si a motocicletelor",2
"Grupa 451","Comert cu autovehicule",3
"Cod CAEN 4511","Comert cu autoturisme si autovehicule usoare (sub 3,5 tone)",4
"Cod CAEN 4519","Comert cu alte autovehicule",4
"Grupa 452","Întretinerea si repararea autovehiculelor",3
"Cod CAEN 4520","Întretinerea si repararea autovehiculelor",4
"Grupa 453","Comert cu piese si accesorii pentru autovehicule",3
"Cod CAEN 4531","Comert cu ridicata de piese si accesorii pentru autovehicule",4
"Cod CAEN 4532","Comert cu amanuntul de piese si accesorii pentru autovehicule",4
"Grupa 454","Comert cu motociclete, piese si accesorii aferente; întretinerea si repararea motocicletelor",3
"Cod CAEN 4540","Comert cu motociclete, piese si accesorii aferente; întretinerea si repararea motocicletelor",4
"Diviziunea 46","Comert cu ridicata cu exceptia comertului cu autovehicule si motociclete",2
"Grupa 461","Activitati de intermediere în comertul cu ridicata",3
"Cod CAEN 4611","Intermedieri în comertul cu materii prime agricole, animale vii, materii prime textile si cu bunuri semifinite",4
"Cod CAEN 4612","Intermedieri în comertul cu combustibili, minereuri, metale si produse chimice pentru industrie",4
"Cod CAEN 4613","Intermedieri în comertul cu material lemnos si materiale de constructii",4
"Cod CAEN 4614","Intermedieri în comertul cu masini, echipamente industriale, nave si avioane",4
"Cod CAEN 4615","Intermedieri în comertul cu mobila, articole de menaj si de fierarie",4
"Cod CAEN 4616","Intermedieri în comertul cu textile, confectii din blana , încaltaminte si articole din piele Aceasta clasa exclude:",4
"Cod CAEN 4617","Intermedieri în comertul cu produse alimentare, bauturi si tutun",4
"Cod CAEN 4618","Intermedieri în comertul specializat în vânzarea produselor cu caracter specific, n.c.a.",4
"Cod CAEN 4619","Intermedieri în comertul cu produse diverse",4
"Grupa 462","Comert cu ridicata al produselor agricole brute si al animalelor vii",3
"Cod CAEN 4621","Comert cu ridicata al cerealelor, semintelor, furajelor si tutunului neprelucrat",4
"Cod CAEN 4622","Comert cu ridicata al florilor si al plantelor",4
"Cod CAEN 4623","Comert cu ridicata al animalelor vii",4
"Cod CAEN 4624","Comert cu ridicata al blanurilor, pieilor brute si al pieilor prelucrate",4
"Grupa 463","Comert cu ridicata al produselor alimentare, al bauturilor si al tutunului",3
"Cod CAEN 4631","Comert cu ridicata al fructelor si legumelor",4
"Cod CAEN 4632","Comert cu ridicata al carnii si produselor din carne",4
"Cod CAEN 4633","Comert cu ridicata al produselor lactate, oualelor, uleiurilor si grasimilor comestibile",4
"Cod CAEN 4634","Comert cu ridicata al bauturilor",4
"Cod CAEN 4635","Comert cu ridicata al produselor din tutun",4
"Cod CAEN 4636","Comert cu ridicata al zaharului, ciocolatei si produselor zaharoase",4
"Cod CAEN 4637","Comert cu ridicata cu cafea, ceai, cacao si condimente",4
"Cod CAEN 4638","Comert cu ridicata specializat al altor alimente, inclusiv peste, crustacee si moluste",4
"Cod CAEN 4639","Comert cu ridicata nespecializat de produse alimentare, bauturi si tutun",4
"Grupa 464","Comert cu ridicata al bunurilor de consum",3
"Cod CAEN 4641","Comert cu ridicata al produselor textile",4
"Cod CAEN 4642","Comert cu ridicata al îmbracamintei si încaltamintei",4
"Cod CAEN 4643","Comert cu ridicata al aparatelor electrice de uz gospodaresc, al aparatelor de radiosi televizoare",4
"Cod CAEN 4644","Comert cu ridicata al produselor din ceramica, sticlarie, si produse de întretinere",4
"Cod CAEN 4645","Comert cu ridicata al produselor cosmetice si de parfumerie",4
"Cod CAEN 4646","Comert cu ridicata al produselor farmaceutice",4
"Cod CAEN 4647","Comert cu ridicata al mobilei, covoarelor si articolelor de iluminat",4
"Cod CAEN 4648","Comert cu ridicata al ceasurilor si bijuteriilor",4
"Cod CAEN 4649","Comert cu ridicata al altor bunuri de uz gospodaresc",4
"Grupa 465","Comert cu ridicata al echipamentului informatic si de telecomunicatii",3
"Cod CAEN 4651","Comert cu ridicata al calculatoarelor, echipamentelor periferice si software- ului",4
"Cod CAEN 4652","Comert cu ridicata de componente si echipamente electronice si de telecomunicatii",4
"Grupa 466","Comert cu ridicata al altor masini, echipamente si furnituri",3
"Cod CAEN 4661","Comert cu ridicata al masinilor agricole, echipamentelor si furniturilor",4
"Cod CAEN 4662","Comert cu ridicata al masinilor- unelte",4
"Cod CAEN 4663","Comert cu ridicata al masinilor pentru industria miniera si constructii",4
"Cod CAEN 4664","Comert cu ridicata al masinilor pentru industria textila si al masinilor de cusut si de tricotat",4
"Cod CAEN 4665","Comert cu ridicata al mobilei de birou",4
"Cod CAEN 4666","Comert cu ridicata al altor masini si echipamente de birou",4
"Cod CAEN 4669","Comert cu ridicata al altor masini si echipamente",4
"Grupa 467","Comert cu ridicata specializat al altor produse",3
"Cod CAEN 4671","Comert cu ridicata al combustibililor solizi, lichizi si gazosi al produselor derivate",4
"Cod CAEN 4672","Comert cu ridicata al metalelor si minereurilor metalice",4
"Cod CAEN 4673","Comert cu ridicata al materialului lemnos si al materialelor de constructii si echipamentelor sanitare si de încalzire",4
"Cod CAEN 4674","Comert cu ridicata al echipamentelor si furniturilor de fierarie pentru instalatii sanitare si de încalzire",4
"Cod CAEN 4675","Comert cu ridicata al produselor chimice",4
"Cod CAEN 4676","Comert cu ridicata al altor produse intermediare",4
"Cod CAEN 4677","Comert cu ridicata al deseurilor si resturilor",4
"Grupa 469","Comert cu ridicata nespecializat",3
"Cod CAEN 4690","Comert cu ridicata nespecializat",4
"Diviziunea 47","Comert cu amanuntul, cu exceptia autovehiculelor si motocicletelor",2
"Grupa 471","Comert cu amanuntul în magazine nespecializate",3
"Cod CAEN 4711","Comert cu amanuntul în magazine nespecializate, cu vânzare predominanta de produse alimentare, bauturi si tutun",4
"Cod CAEN 4719","omert cu amanuntul în magazine nespecializate, cu vânzare predominanta de produse nealimentare ",4
"Grupa 472","Comert cu amanuntul al produselor alimentare, bauturilor si al produselor din tutun, în magazine specializate",3
"Cod CAEN 4721","Comert cu amanuntul al fructelor si legumelor proaspete, în magazine specializate",4
"Cod CAEN 4722","Comert cu amanuntul al carnii si al produselor din carne, în magazine specializate",4
"Cod CAEN 4723","Comert cu amanuntul al pestelui, crustaceelor si molustelor, în magazine specializate",4
"Cod CAEN 4724","omert cu amanuntul al pâinii, produselor de patiserie si produselor zaharoase, în magazine ",4
"Cod CAEN 4725","Comert cu amanuntul al bauturilor, în magazine specializate",4
"Cod CAEN 4726","Comert cu amanuntul al produselor din tutun, în magazine specializate",4
"Cod CAEN 4729","Comert cu amanuntul al altor produse alimentare, în magazine specializate",4
"Grupa 473","Comert cu amanuntul al carburantilor pentru autovehicule in magazine specializate",3
"Cod CAEN 4730","Comert cu amanuntul al carburantilor pentru autovehicule în magazine specializate",4
"Grupa 474","omert cu amanuntul al echipamentului informatic si de telecomunicatii în magazine specializate ",3
"Cod CAEN 4741","Comert cu amanuntul al calculatoarelor, unitatilor periferice si software-ului in magazine specializate",4
"Cod CAEN 4742","Comert cu amanuntul al echipamentului pentru telecomunicatii în magazine specializate",4
"Cod CAEN 4743","Comert cu amanuntul al echipamentului audio/ video în magazine specializate",4
"Grupa 475","Comert cu amanuntul al altor produse casnice, în magazine specializate",3
"Cod CAEN 4751","Comert cu amanuntul al textilelor, în magazine specializate",4
"Cod CAEN 4752","Comert cu amanuntul al articolelor de fierarie, al articolelor din sticla si al celor pentru vopsit, înmagazine specializate",4
"Cod CAEN 4753","Comert cu amanuntul al covoarelor, carpetelor, tapetelor si a altor acoperitoare de podea, în magazine specializate",4
"Cod CAEN 4754","Comert cu amanuntul al articolelor si aparatelor electrocasnice, în magazine specializate",4
"Cod CAEN 4759","Comert cu amanuntul al mobilei, al articolelor de iluminat si al articolelor de uz casnic n.c.a., în magazine specializate",4
"Grupa 476","Comert cu amanuntul de bunuri culturale si recreative, în magazine specializate",3
"Cod CAEN 4761","Comert cu amanuntul al cartilor, în magazine specializate",4
"Cod CAEN 4762","Comert cu amanuntul al ziarelor si articolelor de papetarie, în magazine specializate",4
"Cod CAEN 4763","Comert cu amanuntul al discurilor si benzilor magnetice cu sau fara înregistrari audio/ video , înmagazine specializate",4
"Cod CAEN 4764","Comert cu amanuntul al echipamentelor sportive, în magazine specializate",4
"Cod CAEN 4765","Comert cu amanuntul al jocurilor si jucariilor, în magazine specializate",4
"Grupa 477","Comert cu amanuntul al altor bunuri, în magazine specializate",3
"Cod CAEN 4771","Comert cu amanuntul al îmbracamintei, în magazine specializate",4
"Cod CAEN 4772","Comert cu amanuntul al încaltamintei si articolelor din piele, în magazine specializate",4
"Cod CAEN 4773","Comert cu amanuntul al produselor farmaceutice, în magazine specializate",4
"Cod CAEN 4774","Comert cu amanuntul al articolelor medicale si ortopedice, în magazine specializate",4
"Cod CAEN 4775","Comert cu amanuntul al produselor cosmetice si de parfumerie, în magazine specializate",4
"Cod CAEN 4776","Comert cu amanuntul al florilor, plantelor si semintelor, comert cu amanuntul al animalelor de companie si a hranei pentru acestea, în magazine specializate",4
"Cod CAEN 4777","Comert cu amanuntul al ceasurilor si bijuteriilor, în magazine specializate",4
"Cod CAEN 4778","Comert cu amanuntul al altor bunuri noi, în magazine specializate",4
"Cod CAEN 4779","Comert cu amanuntul al bunurilor de ocazie vândute prin magazine",4
"Grupa 478","Comert cu amanuntul efectuat prin standuri, chioscuri si piete",3
"Cod CAEN 4781","Comert cu amanuntul al produselor alimentare, bauturilor si produselor din tutun efectuat prin standuri, chioscuri si piete",4
"Cod CAEN 4782","Comert cu amanuntul al textilelor, îmbracamintei si încaltamintei efectuat prin standuri, chioscuri si piete",4
"Cod CAEN 4789","Comert cu amanuntul prin standuri, chioscuri si piete al altor produse",4
"Grupa 479","Comert cu amanuntul care nu se efectueaza prin magazine, standuri, chioscuri si piete",3
"Cod CAEN 4791","Comert cu amanuntul prin intermediul caselor de comenzi sau prin Internet",4
"Cod CAEN 4799","Comert cu amanuntul efectuat în afara magazinelor, standurilor, chioscurilor si pietelor",4
"Secțiunea H","Transport și Depozitare",1
"Diviziunea 49","Transporturi terestre si transporturi prin conducte",2
"Grupa 491","Transporturi interurbane de calatori pe calea ferata",3
"Cod CAEN 4910","Transporturi interurbane de calatori pe calea ferata",4
"Grupa 492","Transporturi de marfa pe calea ferata",3
"Cod CAEN 4920","Transporturi de marfa pe calea ferata",4
"Grupa 493","Alte transporturi terestre de calatori",3
"Cod CAEN 4931","Transporturi urbane, suburbane si metropolitane de calatori",4
"Cod CAEN 4932","Transporturi cu taxiuri",4
"Cod CAEN 4939","Alte transporturi terestre de calatori n.c.a",4
"Grupa 494","Transporturi rutiere de marfuri si servicii de mutare",3
"Cod CAEN 4941","Transporturi rutiere de marfuri",4
"Cod CAEN 4942","Servicii de mutare",4
"Grupa 495","Transporturi prin conducte",3
"Cod CAEN 4950","Transporturi prin conducte",4
"Diviziunea 50","Transporturi pe apa",2
"Grupa 501","Transporturi maritime si costiere de pasageri",3
"Cod CAEN 5010","Transporturi maritime si costiere de pasageri",4
"Grupa 502","Transporturi maritime si costiere de marfa",3
"Cod CAEN 5020","Transporturi maritime si costiere de marfa",4
"Grupa 503","Transporturi de pasageri pe cai navigabile interioare",3
"Cod CAEN 5030","Transporturi de pasageri pe cai navigabile interioare",4
"Grupa 504","Transportul de marfa pe cai navigabile interioare",3
"Cod CAEN 5040","Transportul de marfa pe cai navigabile interioare",4
"Diviziunea 51","Transporturi aeriene",2
"Grupa 511","Transporturi aeriene de pasageri",3
"Cod CAEN 5110","Transporturi aeriene de pasageri",4
"Grupa 512","Transporturi aeriene de marfa si transporturi spatiale",3
"Cod CAEN 5121","Transporturi aeriene de marfa",4
"Cod CAEN 5122","Transporturi spatiale",4
"Diviziunea 52","Depozitare si activitati auxiliare pentru transporturi",2
"Grupa 521","Depozitari",3
"Cod CAEN 5210","Depozitari",4
"Grupa 522","Activitati anexe pentru transporturi",3
"Cod CAEN 5221","Activitati de servicii anexe pentru transporturi terestre",4
"Cod CAEN 5222","Activitati de servicii anexe transportului pe apa",4
"Cod CAEN 5223","Activitati de servicii anexe transporturilor aeriene",4
"Cod CAEN 5224","Manipulari",4
"Cod CAEN 5229","Alte activitati anexe transporturilor",4
"Diviziunea 53","Activitati de posta si de curier",2
"Grupa 531","Activitati postale desfasurate sub obligativitatea serviciului universal",3
"Cod CAEN 5310","Activitati postale desfasurate sub obligativitatea serviciului universal",4
"Grupa 532","Alte activitati postale si de curier",3
"Cod CAEN 5320","Alte activitati postale si de curier",4
"Secțiunea I","Hoteluri și Restaurante",1
"Diviziunea 55","Hoteluri si alte facilitati de cazare",2
"Grupa 551","Hoteluri si alte facilitati de cazare similare",3
"Cod CAEN 5510","Hoteluri si alte facilitati de cazare similare",4
"Grupa 552","Facilitati de cazare pentru vacante si perioade de scurta durata",3
"Cod CAEN 5520","Facilitati de cazare pentru vacante si perioade de scurta durata",4
"Grupa 553","Parcuri pentru rulote, campinguri, si tabere",3
"Cod CAEN 5530","Parcuri pentru rulote, campinguri si tabere",4
"Grupa 559","Alte servicii de cazare",3
"Cod CAEN 5590","Alte servicii de cazare",4
"Diviziunea 56","Restaurante si alte activitati de servicii de alimentatie",2
"Grupa 561","Restaurante",3
"Cod CAEN 5610","Restaurante",4
"Grupa 562","Activitati de alimentatie (catering) pentru evenimente si alte servicii de alimentatie",3
"Cod CAEN 5621","Activitati de alimentatie (catering) pentru evenimente",4
"Cod CAEN 5629","Alte activitati de alimentatie n.c.a.",4
"Grupa 563","Baruri si alte activitati de servire a bauturilor",3
"Cod CAEN 5630","Baruri si alte activitati de servire a bauturilor",4
"Secțiunea J","Informații și Telecomunicații",1
"Diviziunea 58","Activitati de editare",2
"Grupa 581","Activitati de editare a cartilor, ziarelor, revistelor si alte activitati de editare",3
"Cod CAEN 5811","Activitati de editare a cartilor",4
"Cod CAEN 5812","Activitati de editare de ghiduri, compendii, liste de adrese si similare",4
"Cod CAEN 5813","Activitati de editare a ziarelor",4
"Cod CAEN 5814","Activitati de editare a revistelor si periodicelor",4
"Cod CAEN 5819","Alte activitati de editare",4
"Grupa 582","Activitati de editare a produselor software",3
"Cod CAEN 5821","Activitati de editare a jocurilor de calculator",4
"Cod CAEN 5829","Activitati de editare a altor produse software",4
"Diviziunea 59","Activitati de productie cinematografica, video si de programe de televiziune; înregistrari audio si activitati de editare muzicala",2
"Grupa 591","Activitati de productie cinematografica, video si de programe de televiziune",3
"Cod CAEN 5911","Activitati de productie cinematografica, video si de programe de televiziune",4
"Cod CAEN 5912","Activitati de post-productie cinematografica, video si de programe de televiziune",4
"Cod CAEN 5913","Activitati de distributie a filmelor cinematografice, video si a programelor de televiziune",4
"Cod CAEN 5914","Proiectia de filme cinematografice",4
"Grupa 592","Activitati de realizare a înregistrarilor audio si activitati de editare muzicala",3
"Cod CAEN 5920","Activitati de realizare a înregistrarilor audio si activitati de editare muzicala",4
"Diviziunea 60","Activitati de difuzare si transmitere de programe",2
"Grupa 601","Activitati de difuzare a programelor de radio",3
"Cod CAEN 6010","Activitati de difuzare a programelor de radio",4
"Grupa 602","Activitati de difuzare a programelor de televiziune",3
"Cod CAEN 6020","Activitati de difuzare a programelor de televiziune",4
"Diviziunea 61","Telecomunicatii",2
"Grupa 611","Activitati de telecomunicatii prin retele cu cablu",3
"Cod CAEN 6110","Activitati de telecomunicatii prin retele cu cablu",4
"Grupa 612","Activitati de telecomunicatii prin retele fara cablu",3
"Cod CAEN 6120","Activitati de telecomunicatii prin retele fara cablu (exclusiv prin satelit)",4
"Grupa 613","Activitati de telecomunicatii prin satelit",3
"Cod CAEN 6130","Activitati de telecomunicatii prin satelit",4
"Grupa 619","Alte activitati de telecomunicatii",3
"Cod CAEN 6190","Alte activitati de telecomunicatii",4
"Diviziunea 62","Activitati de servicii în tehnologia informatiei",2
"Grupa 620","Activitati de servicii în tehnologia informatiei",3
"Cod CAEN 6201","Activitati de realizare a software-ului la comanda (software orientat client)",4
"Cod CAEN 6202","Activitati de consultanta în tehnologia informatiei",4
"Cod CAEN 6203","Activitati de management (gestiune si exploatare) a mijloacelor de calcul",4
"Cod CAEN 6209","Alte activitati de servicii privind tehnologia informatiei",4
"Diviziunea 63","Activitati de servicii informatice",2
"Grupa 631","ctivitati ale portalurilor web, prelucrarea datelor, administrarea paginilor web si activitati conexe ",3
"Cod CAEN 6311","Prelucrarea datelor, administrarea paginilor web si activitati conexe",4
"Cod CAEN 6312","Activitati ale portalurilor web",4
"Grupa 639","Alte activitati de servicii informationale",3
"Cod CAEN 6391","Activitati ale agentiilor de stiri",4
"Cod CAEN 6399","Alte activitati de servicii informationale n.c.a.",4
"Secțiunea K","Intermedieri financiare și Asigurări",1
"Diviziunea 64","Intermedieri financiare, cu exceptia activitatilor de asigurari si ale fondurilor de pensii",2
"Grupa 641","Intermediere monetara",3
"Cod CAEN 6411","Activitati ale bancii centrale (nationale)",4
"Cod CAEN 6419","Alte activitati de intermedieri monetare",4
"Grupa 642","Activitati ale holdingurilor",3
"Cod CAEN 6420","Activitati ale holdingurilor",4
"Grupa 643","Fonduri mutuale si alte entitati financiare similare",3
"Cod CAEN 6430","Fonduri mutuale si alte entitati financiare similare",4
"Grupa 649","Alte activitati de intermedieri financiare, exclusiv activitati de asigurari si fonduri de pensii",3
"Cod CAEN 6491","Leasing financiar",4
"Cod CAEN 6492","Alte activitati de creditare",4
"Cod CAEN 6499","Alte intermedieri financiare n.c.a.",4
"Diviziunea 65","Activitati de asigurari, reasigurari si ale fondurilor de pensii (cu exceptia celor din sistemul public de asigurari sociale)",2
"Grupa 651","Activitati de asigurari",3
"Cod CAEN 6511","Activitati de asigurari de viata",4
"Cod CAEN 6512","Alte activitati de asigurari (exceptând asigurarile de viata)",4
"Grupa 652","Activitati de reasigurare",3
"Cod CAEN 6520","Activitati de reasigurare",4
"Grupa 653","Activitati ale fondurilor de pensii (cu exceptia celor din sistemul public de asigurari sociale)",3
"Cod CAEN 6530","Activitati ale fondurilor de pensii (cu exceptia celor din sistemul public de asigurari sociale)",4
"Diviziunea 66","Activitati auxiliare intermedierilor financiare, activitati de asigurare si fonduri de pensii",2
"Grupa 661","Activitati auxiliare intermedierilor financiare, cu exceptia activitatilor de asigurari si . .. fonduri de pensii",3
"Cod CAEN 6611","Administrarea pietelor financiare",4
"Cod CAEN 6612","Activitati de intermediere a tranzactiilor financiare",4
"Cod CAEN 6619","Activitati auxiliare intermedierilor financiare, exclusiv activitati de asigurari si fonduri de pensii",4
"Grupa 662","Activitati auxiliare de asigurari si fonduri de pensii",3
"Cod CAEN 6621","Activitati de evaluare a riscului de asigurare si a pagubelor",4
"Cod CAEN 6622","Activitati ale agentilor si broker-ilor de asigurari",4
"Cod CAEN 6629","Alte activitati auxiliare activitatilor de asigurari si fonduri de pensii",4
"Grupa 663","Activitati de administrare a fondurilor",3
"Cod CAEN 6630","Activitati de administrare a fondurilor",4
"Secțiunea L","Tranzacții imobiliare",1
"Diviziunea 68","Tranzactii imobiliare",2
"Grupa 681","Cumpararea si vânzarea de bunuri imobiliare proprii",3
"Cod CAEN 6810","Cumpararea si vânzarea de bunuri imobiliare proprii",4
"Grupa 682","Închirierea si subînchirierea bunurilor imobiliare proprii sau în leasing",3
"Cod CAEN 6820","Închirierea si subînchirierea bunurilor imobiliare proprii sau în leasing",4
"Grupa 683","Activitati imobiliare pe baza de comision sau contract",3
"Cod CAEN 6831","Agentii imobiliare",4
"Cod CAEN 6832","Administrarea imobilelor pe baza de comision sau contract",4
"Secțiunea M","Activități profesionale, științifice și tehnice",1
"Diviziunea 69","Activitati juridice si de contabilitate",2
"Grupa 691","Activitati juridice",3
"Cod CAEN 6910","Activitati juridice",4
"Grupa 692","Activitati de contabilitate si audit financiar; consultanta în domeniul fiscal",3
"Cod CAEN 6920","Activitati de contabilitate si audit financiar; consultanta în domeniul fiscal",4
"Diviziunea 70","Activitati ale directiilor (centralelor), birourilor administrative centralizate; activitati de management si de consultanta în management",2
"Grupa 701","Activitati ale directiilor (centralelor), birourilor administrative centralizate",3
"Cod CAEN 7010","Activitati ale directiilor (centralelor), birourilor administrative centralizate",4
"Grupa 702","Activitati de consultanta în management",3
"Cod CAEN 7021","Activitati de consultanta în domeniul relatiilor publice si al comunicarii",4
"Cod CAEN 7022","Activitati de consultanta pentru afaceri si management",4
"Diviziunea 71","Activitati de arhitectura si inginerie; activitati de testari si analiza tehnica",2
"Grupa 711","Activitati de arhitectura, inginerie si servicii de consultanta tehnica legate de acestea",3
"Cod CAEN 7111","Activitati de arhitectura",4
"Cod CAEN 7112","Activitati de inginerie si consultanta tehnica legate de acestea",4
"Grupa 712","Activitati de testare si analize tehnice",3
"Cod CAEN 7120","Activitati de testare si analize tehnice",4
"Diviziunea 72","Cercetare-dezvoltare",2
"Grupa 721","Cercetare-dezvoltare în stiinte naturale si inginerie",3
"Cod CAEN 7211","Cercetare-dezvoltare în biotehnologie",4
"Cod CAEN 7219","Cercetare-dezvoltare în alte stiinte naturale si inginerie",4
"Grupa 722","Cercetare-dezvoltare în stiinte sociale si umaniste",3
"Cod CAEN 7220","Cercetare- dezvoltare în stiinte sociale si umaniste",4
"Diviziunea 73","Publicitate si activitati de studiere a pietei",2
"Grupa 731","Publicitate",3
"Cod CAEN 7311","Activitati ale agentiilor de publicitate",4
"Cod CAEN 7312","Servicii de reprezentare media",4
"Grupa 732","Activitati de studiere a pietei si de sondare a opiniei publice",3
"Cod CAEN 7320","Activitati de studiere a pietei si de sondare a opiniei publice",4
"Diviziunea 74","Alte activitati profesionale, stiintifice si tehnice",2
"Grupa 741","Activitati de design specializat",3
"Cod CAEN 7410","Activitati de design specializat",4
"Grupa 742","Activitati fotografice",3
"Cod CAEN 7420","Activitati fotografice",4
"Grupa 743","Activitati de traducere scrisa si orala (interpreti)",3
"Cod CAEN 7430","Activitati de traducere scrisa si orala (interpreti)",4
"Grupa 749","Alte activitati profesionale, stiintifice si tehnice n.c.a.",3
"Cod CAEN 7490","Alte activitati profesionale, stiintifice si tehnice n.c.a.",4
"Diviziunea 75","Activitati veterinare",2
"Grupa 750","Activitati veterinare",3
"Cod CAEN 7500","Activitati veterinare",4
"Secțiunea N","Activități de servicii administrative și Activități de servicii suport",1
"Diviziunea 77","Activitati de închiriere si leasing",2
"Grupa 771","Activitati de închiriere si leasing de autovehicule",3
"Cod CAEN 7711","Activitati de închiriere si leasing de autoturisme si autovehicule rutiere usoare",4
"Cod CAEN 7712","Activitati de închiriere si leasing de autovehicule rutiere grele",4
"Grupa 772","Activitati de închiriere si leasing de bunuri personale si gospodaresti",3
"Cod CAEN 7721","Activitati de închiriere si leasing de bunuri recreationale si echipament sportiv",4
"Cod CAEN 7722","Închirierea de casete video si discuri (CD-uri, DVD-uri)",4
"Cod CAEN 7729","Activitati de închiriere si leasing cu alte bunuri personale si gospodaresti n.c.a.",4
"Grupa 773","Activitati de închiriere si leasing-ul altor masini, echipamente si bunuri tangibile",3
"Cod CAEN 7731","Activitati de închiriere si leasing de masini si echipamente agricole",4
"Cod CAEN 7732","Activitati de închiriere si leasing de masini si echipamente pentru constructii",4
"Cod CAEN 7733","Activitati de închiriere si leasing de masini si echipamente de birou (inclusiv calculatoare)",4
"Cod CAEN 7734","Activitati de închiriere si leasing de masini si echipamente de transport pe apa",4
"Cod CAEN 7735","Activitati de închiriere si leasing de masini si echipamente de transport aerian",4
"Cod CAEN 7739","Activitati de închiriere si leasing-ul altor masini, echipamente si bunuri tangibile",4
"Grupa 774","Leasing de bunuri intangibile (exclusiv financiare)",3
"Cod CAEN 7740","Leasing de bunuri intangibile (exclusiv financiare)",4
"Diviziunea 78","Activitati de servicii privind forta de munca",2
"Grupa 781","Activitati ale agentiilor de plasare a fortei de munca",3
"Cod CAEN 7810","Activitati ale agentiilor de plasare a fortei de munca",4
"Grupa 782","Activitati de contractare, pe baze temporare, a personalului",3
"Cod CAEN 7820","Activitati de contractare, pe baze temporare, a personalului",4
"Grupa 783","Alte servicii de furnizare a fortei de munca",3
"Cod CAEN 7830","Alte servicii de furnizare a fortei de munca",4
"Diviziunea 79","ctivitati ale agentiilor turistice si a tur-operatorilor; alte servicii de rezervare si asistenta ",2
"Grupa 791","Activitati ale agentiilor turistice si a tur-operatorilor",3
"Cod CAEN 7911","Activitati ale agentiilor turistice",4
"Cod CAEN 7912","Activitati ale tur-operatorilor",4
"Grupa 799","Alte servicii de rezervare si asistenta turistica",3
"Cod CAEN 7990","Alte servicii de rezervare si asistenta turistica",4
"Diviziunea 80","Activitati de investigatii si protectie",2
"Grupa 801","Activitati de protectie si garda",3
"Cod CAEN 8010","Activitati de protectie si garda",4
"Grupa 802","Activitati de servicii privind sistemele de securizare",3
"Cod CAEN 8020","Activitati de servicii privind sistemele de securizare",4
"Grupa 803","Activitati de investigatii",3
"Cod CAEN 8030","Activitati de investigatii",4
"Diviziunea 81","Activitati de peisagistica si servicii pentru cladiri",2
"Grupa 811","Activitati de servicii suport combinate",3
"Cod CAEN 8110","Activitati de servicii suport combinate",4
"Grupa 812","Activitati de curatenie",3
"Cod CAEN 8121","Activitati generale (nespecializate) de curatenie interioara a cladirilor",4
"Cod CAEN 8122","ctivitati specializate de curatenie a cladirilor, mijloacelor de transport, masini si utilaje ",4
"Cod CAEN 8129","Alte activitati de curatenie n.c.a.",4
"Grupa 813","Activitati de întretinere peisagistica",3
"Cod CAEN 8130","Activitati de întretinere peisagistica",4
"Diviziunea 82","Activitati de secretariat, servicii suport si alte activitati de servicii prestate în principal întreprinderilor",2
"Grupa 821","Activitati de secretariat si servicii suport",3
"Cod CAEN 8211","Activitati combinate de secretariat",4
"Cod CAEN 8219","Activitati de fotocopiere, de pregatire a documentelor si alte activitati specializate de secretariat",4
"Grupa 822","Activitati ale centrelor de intermediere telefonica (call center)",3
"Cod CAEN 8220","Activitati ale centrelor de intermediere telefonica (call center)",4
"Grupa 823","Activitati de organizare a expozitiilor, târgurilor si congreselor",3
"Cod CAEN 8230","Activitati de organizare a expozitiilor, târgurilor si congreselor",4
"Grupa 829","Activitati de servicii suport pentru întreprinderi n.c.a.",3
"Cod CAEN 8291","Activitati ale agentiilor de colectare si a birourilor (oficiilor) de raportare a creditului",4
"Cod CAEN 8292","Activitati de ambalare",4
"Cod CAEN 8299","Alte activitati de servicii suport pentru întreprinderi n.c.a.",4
"Secțiunea O","Administrație publică și Apărare, Asigurări sociale din sistemul public",1
"Diviziunea 84","Administratie publica si aparare; asigurari sociale din sistemul public",2
"Grupa 841","Administratie publica generala, economica si sociala",3
"Cod CAEN 8411","Servicii de administratie publica generala",4
"Cod CAEN 8412","eglementarea activitatilor organismelor care presteaza servicii în domeniul îngrijirii sanatatii, ",4
"Cod CAEN 8413","Reglementarea si eficientizarea activitatilor economice",4
"Grupa 842","Activitati de servicii pentru societate",3
"Cod CAEN 8421","Activitati de servicii externe",4
"Cod CAEN 8422","Activitati de aparare nationala",4
"Cod CAEN 8423","Activitati de justitie",4
"Cod CAEN 8424","Activitati de ordine publica si de protectie civila",4
"Cod CAEN 8425","Activitati de lupta împotriva incendiilor si de prevenire a acestora",4
"Grupa 843","Activitati de protectie sociala obligatorie",3
"Cod CAEN 8430","Activitati de protectie sociala obligatorie",4
"Secțiunea P","Învățământ",1
"Diviziunea 85","Învatamânt",2
"Grupa 851","Învatamânt prescolar",3
"Cod CAEN 8510","Învatamânt prescolar",4
"Grupa 852","Învatamânt primar",3
"Cod CAEN 8520","Învatamânt primar",4
"Grupa 853","Învatamânt secundar",3
"Cod CAEN 8531","Învatamânt secundar general",4
"Cod CAEN 8532","Învatamânt secundar, tehnic sau profesional",4
"Grupa 854","Învatamânt superior",3
"Cod CAEN 8541","Învatamânt superior non- universitar",4
"Cod CAEN 8542","Învatamânt superior universitar",4
"Grupa 855","Alte forme de învatamânt",3
"Cod CAEN 8551","Învatamânt în domeniul sportiv si recreational",4
"Cod CAEN 8552","Învatamânt în domeniul cultural (limbi straine, muzica, teatru, dans, arte plastice, si alte arte",4
"Cod CAEN 8553","Scoli de conducere (pilotaj)",4
"Cod CAEN 8559","Alte forme de învatamânt n.c.a.",4
"Grupa 856","Activitati de servicii suport pentru învatamânt",3
"Cod CAEN 8560","Activitati de servicii suport pentru învatamânt",4
"Secțiunea Q","Sănătate și Asistență socială",1
"Diviziunea 86","Activitati referitoare la sanatatea umana",2
"Grupa 861","Activitati de asistenta spitaliceasca",3
"Cod CAEN 8610","Activitati de asistenta spitaliceasca",4
"Grupa 862","Activitati de asistenta medicala ambulatorie si stomatologica",3
"Cod CAEN 8621","Activitati de asistenta medicala generala",4
"Cod CAEN 8622","Activitati de asistenta medicala specializata",4
"Cod CAEN 8623","Activitati de asistenta stomatologica",4
"Grupa 869","Alte activitati referitoare la sanatatea umana",3
"Cod CAEN 8690","Alte activitati referitoare la sanatatea umana",4
"Diviziunea 87","Servicii combinate de îngrijire medicala si asistenta sociala, cu cazare",2
"Grupa 871","Activitati ale centrelor de îngrijire medicala",3
"Cod CAEN 8710","Activitati ale centrelor de îngrijire medicala",4
"Grupa 872","Activitati ale centrelor de recuperare psihica si de dezintoxicare, exclusiv spitale",3
"Cod CAEN 8720","Activitati ale centrelor de recuperare psihica si de dezintoxicare, exclusiv spitale",4
"Grupa 873","Activitati ale caminelor de batrâni si ale caminelor pentru persoane aflate în incapacitate de a se îngriji singure",3
"Cod CAEN 8730","ctivitati ale caminelor de batrâni si ale caminelor pentru persoane aflate în incapacitate de a se  îngriji singure  ",4
"Grupa 879","Alte activitati de asistenta sociala, cu cazare n.c.a.",3
"Cod CAEN 8790","Alte activitati de asistenta sociala, cu cazare n.c.a.",4
"Diviziunea 88","Activitati de asistenta sociala, fara cazare",2
"Grupa 881","Activitati de asistenta sociala, fara cazare, pentru batrâni si pentru persoane aflate în incapacitate de a se îngriji singure",3
"Cod CAEN 8810","Activitati de asistenta sociala, fara cazare, pentru batrâni si pentru persoane aflate în incapacitate de a se îngriji singure",4
"Grupa 889","Alte activitati de asistenta sociala, fara cazare",3
"Cod CAEN 8891","Activitati de îngrijire zilnica pentru copii",4
"Cod CAEN 8899","Alte activitati de asistenta sociala, fara cazare, n.c.a.",4
"Secțiunea R","Activități de spectacole, culturale și recreative",1
"Diviziunea 90","Activitati de creatie si interpretare artistica",2
"Grupa 900","Activitati de creatie si interpretare artistica",3
"Cod CAEN 9001","Activitati de interpretare artistica (spectacole)",4
"Cod CAEN 9002","Activitati suport pentru interpretare artistica (spectacole)",4
"Cod CAEN 9003","Activitati de creatie artistica",4
"Cod CAEN 9004","Activitati de gestionare a salilor de spectacole",4
"Diviziunea 91","Activitati ale bibliotecilor, arhivelor, muzeelor si alte activitati culturale",2
"Grupa 910","Activitati ale bibliotecilor, arhivelor, muzeelor si alte activitati culturale",3
"Cod CAEN 9101","Activitati ale bibliotecilor si arhivelor",4
"Cod CAEN 9102","Activitati ale muzeelor",4
"Cod CAEN 9103","Gestionarea monumentelor, cladirilor istorice si a altor obiective de interes turistic",4
"Cod CAEN 9104","Activitati ale gradinilor zoologice, botanice si ale rezervatiilor naturale",4
"Diviziunea 92","Activitati de jocuri de noroc si pariuri",2
"Grupa 920","Activitati de jocuri de noroc si pariuri",3
"Cod CAEN 9200","Activitati de jocuri de noroc si pariuri",4
"Diviziunea 93","Activitati sportive, recreative si distractive",2
"Grupa 931","Activitati ale bazelor sportive",3
"Cod CAEN 9311","Activitati ale bazelor sportive",4
"Cod CAEN 9312","Activitati ale cluburilor sportive",4
"Cod CAEN 9313","Activitati ale centrelor de fitness",4
"Cod CAEN 9319","Alte activitati sportive",4
"Grupa 932","Alte activitati recreative si distractive",3
"Cod CAEN 9321","Bâlciuri si parcuri de distractii",4
"Cod CAEN 9329","Alte activitati recreative si distractive n.c.a.",4
"Secțiunea S","Alte activități de servicii",1
"Diviziunea 94","Activitati asociative diverse",2
"Grupa 941","Activitati ale organizatiilor economice, patronale si profesionale",3
"Cod CAEN 9411","Activitati ale organizatiilor economice si patronale",4
"Cod CAEN 9412","Activitati ale organizatiilor profesionale",4
"Grupa 942","Activitati ale sindicatelor salariatilor",3
"Cod CAEN 9420","Activitati ale sindicatelor salariatilor",4
"Grupa 949","Alte activitati asociative",3
"Cod CAEN 9491","Activitati ale organizatiilor religioase",4
"Cod CAEN 9492","Activitati ale organizatiilor politice",4
"Cod CAEN 9499","Activitati ale altor organizatii n.c.a.",4
"Diviziunea 95","Reparatii de calculatoare, de articole personale si de uz gospodaresc",2
"Grupa 951","Repararea calculatoarelor si a echipamentelor de comunicatii",3
"Cod CAEN 9511","Repararea calculatoarelor si a echipamentelor periferice",4
"Cod CAEN 9512","Repararea echipamentelor de comunicatii",4
"Grupa 952","Reparatii de articole personale si de uz gospodaresc",3
"Cod CAEN 9521","Repararea aparatelor electronice, de uz casnic",4
"Cod CAEN 9522","Repararea dispozitivelor de uz gospodaresc si a echipamentelor pentru casa si gradina",4
"Cod CAEN 9523","Repararea încaltamintei si a articolelor din piele",4
"Cod CAEN 9524","Repararea mobilei si a furniturilor casnice",4
"Cod CAEN 9525","Repararea ceasurilor si a bijuteriilor",4
"Cod CAEN 9529","Repararea articolelor de uz personal si gospodaresc n.c.a.",4
"Diviziunea 96","Alte activitati de servicii",2
"Grupa 960","Alte activitati de servicii",3
"Cod CAEN 9601","Spalarea si curatarea (uscata) articolelor textile si a produselor din blana",4
"Cod CAEN 9602","Coafura si alte activitati de înfrumusetare",4
"Cod CAEN 9603","Activitati de pompe funebre si similare",4
"Cod CAEN 9604","Activitati de întretinere corporala",4
"Cod CAEN 9609","Alte activitati de servicii n.c.a.",4
"Secțiunea T","Activități ale gospodăriilor private în calitate de angajator de personal casnic, producere de bunuri și servicii destinate consumului propriu",1
"Diviziunea 97","Activitati ale gospodariilor private în calitate de angajator de personal casnic",2
"Grupa 970","Activitati ale gospodariilor private în calitate de angajator de personal casnic",3
"Cod CAEN 9700","Activitati ale gospodariilor private în calitate de angajator de personal casnic",4
"Diviziunea 98","ctivitati ale gospodariilor private de producere de bunuri si servicii destinate consumului propriu ",2
"Grupa 981","Activitati ale gospodariilor private de producere de bunuri destinate consumului propriu",3
"Cod CAEN 9810","Activitati ale gospodariilor private de producere de bunuri si servicii destinate s ss consumului propriu",4
"Grupa 982","Activitati ale gospodariilor private de producere de servicii pentru scopuri proprii",3
"Cod CAEN 9820","Activitati ale gospodariilor private de producere de servicii pentru scopuri proprii",4
"Secțiunea U","Activități ale organizațiilor și organismelor extrateritoriale",1
"Diviziunea 99","Activitati ale organizatiilor si organismelor extrateritoriale",2
"Grupa 990","Activitati ale organizatiilor si organismelor extrateritoriale",3
"Cod CAEN 9900","Activitati ale organizatiilor si organismelor extrateritoriale",4
